{
  "MSE": 5963.775352036441,
  "RMSE": 77.2254838252014,
  "MAE": 60.66417965411699,
  "MAPE": 40.523736232131014,
  "Test_size": 48,
  "Predictions_size": 48
}